reporting_entity,electricity_production_m_wh,total_scope_1_emissions_t_co2_e
AGL ENERGY LIMITED,40704136,34726466
STANWELL CORPORATION LIMITED,20975066,18286288
ENERGYAUSTRALIA HOLDINGS LIMITED,16498195,17383708
ORIGIN ENERGY LIMITED,15646148,12921689
PIONEER SAIL HOLDINGS PTY LIMITED,10509695,10474828
C S ENERGY LIMITED,9734307,8727629
SEV.EN GLOBAL INVESTMENTS PTY LTD,6991533,6905352
NRG VICTORIA I PTY LTD,6593095,6433252
GENUITY PTY LTD,7022012,5931404
ELECTRICITY GENERATION AND RETAIL CORPORATION,6959405,5355697
ALCOA AUSTRALIAN HOLDINGS PTY LTD,1636746,1299678
CK WILLIAM AUSTRALIA HOLDINGS PTY LTD,2051485,1030124
RIO TINTO LIMITED,1837284,1011897
BLUEWATERS POWER 2 PTY LTD,1375069,964833
APA INFRASTRUCTURE LIMITED,2864312,781028
INTERNATIONAL POWER (AUSTRALIA) HOLDINGS PTY LIMITED,1912671,770306
POWER GENERATION CORPORATION,1241735,742327
BLUEWATERS POWER 1 PTY LTD,1002337,707580
NEWGEN KWINANA HOLDINGS PTY LTD,1458348,583120
RATCH - AUSTRALIA CORPORATION PTY LTD,2067788,555252
TRANSALTA ENERGY (AUSTRALIA) PTY LTD,1062838,554550
ARROW ENERGY HOLDINGS PTY LTD,600905,348883
CLEANCO QUEENSLAND LIMITED,2079464,337714
SHELL ENERGY HOLDINGS AUSTRALIA LIMITED,628265,305334
ATCO AUSTRALIA PTY LTD,542729,259035
SNOWY HYDRO LIMITED,5115048,242289
SANTOS LIMITED,143670,81776
HYDRO-ELECTRIC CORPORATION,8440869,50506
GLENCORE HOLDINGS PTY LIMITED,149476,49174
QGC UPSTREAM INVESTMENTS PTY LTD,105522,47941
GOLDFIELDS POWER PTY LTD,75554,43918
LMS ENERGY PTY LTD,536133,39155
IBERDROLA AUSTRALIA LIMITED,2366313,33530
PRATT CONSOLIDATED HOLDINGS PTY. LTD.,20822,19184
PORT ADELAIDE ENERGY PTY LTD,25039,18439
SUSTAINABLE ENERGY INFRASTRUCTURE HOLDINGS PTY LIMITED,26451,14816
LGI LIMITED,94126,9708
CAPE BYRON MANAGEMENT PTY LTD,275238,8896
GRAND BARGAIN HOLDCO PTY LTD,2016672,7732
ENERGY QUEENSLAND LIMITED,7033,7566
QGIF SWAN HOLDCO PTY LTD,36856,5260
GLOBAL POWER GENERATION AUSTRALIA PTY LTD,932183,5142
NEOEN AUSTRALIA PTY. LTD.,2964648,2124
W.H. HECK & SONS PROPRIETARY LIMITED,32467,1439
SPIC PACIFIC ENERGY PTY LTD,1770972,746
REGIONAL POWER CORPORATION,432,601
ACCIONA ENERGY OCEANIA PTY LTD,1238932,438
SHENHUA CLEAN ENERGY HOLDINGS PTY LIMITED,1002334,417
EDIFY GROUP HOLDINGS PTY LTD,1153907,388
GENTARI RENEWABLES AUSTRALIA PTY LTD,320092,380
ELECTRICITY NETWORKS CORPORATION,423,331
WOOLOOGA HOLDCO 2 PTY LTD,212328,240
WEST WYALONG HOLDCO 2 PTY LTD,61261,234
DUNDONNELL WIND FARM PTY LTD,1026461,227
MURRA WARRA II PROJECT CO PTY LTD,561125,184
BEI WWF PTY LTD,582602,180
PEAK RENEWABLES HOLDINGS PTY LTD,924385,178
MURRA WARRA PROJECT CO PTY LTD,595993,171
CWF HOLDINGS PTY LTD,669912,163
STOCKYARD HILL WIND FARM (HOLDING) PTY LTD,1517912,160
TOTALENERGIES RENEWABLES AUSTRALIA PTY LTD,261488,145
LAL LAL WIND FARMS NOM CO PTY LIMITED,543976,136
SNOWTOWN WIND FARM PTY LTD,309976,126
CLARE SOLAR FARM HOLDINGS PTY LTD,181824,114
WILD CATTLE HILL PTY LTD,428260,110
MOURA SOLAR FARM HOLDINGS PTY LTD,75600,105
AWF AUS HOLD OP CO PTY LTD,437699,101
RWE RENEWABLES AUSTRALIA PTY LTD,443762,101
LS AUSTRALIA HOLDCO1 PTY LTD,355053,100
BALD HILLS WF HOLDINGS PTY LTD,344993,83
BEIJING JINGNENG CLEAN ENERGY (AUSTRALIA) HOLDING PTY LTD,880862,83
ATMOS TOPCO PTY LTD,367078,77
METZ HOLDCO PTY LTD,236886,75
VENA ENERGY SERVICES (AUSTRALIA) PTY LTD,162613,75
EWP AUSTRALIA PTY LTD,213748,67
ARET PLATFORM PTY LIMITED,352394,63
TINSEL BIDCO PTY LTD,871887,62
CECEP WIND POWER AUSTRALIA HOLDING PTY LTD,494774,61
WIRTGEN ENERGY GLENROWAN PTY. LTD,215292,60
MUMBIDA WIND FARM NO 1 HOLDINGS PTY LTD,223597,55
KENNEDY ENERGY PARK HOLDINGS PTY LTD,154995,54
LILYVALE HOLDINGS CO PTY. LTD.,185624,53
CHERRY TREE HOLD CO PTY LTD,169580,49
PALISADE SOLAR 1 PTY LTD,243779,49
BANPU AUSTRALIA CO. PTY LTD,224824,48
ATMOS QUEENSLAND SOLAR PTY LTD,251864,42
LINCOLN GAP OPERATIONS PTY LTD,731752,42
PALISADE WATERLOO HOLDINGS PTY LTD,363337,38
SALT CREEK WIND FARM PTY LTD,142497,37
RISEN ENERGY AUSTRALIA HOLDINGS PTY LTD,217176,35
SENTIENT IMPACT GROUP PTY LTD,148543,35
WINTON HOLDINGS CO PTY. LTD.,150661,33
SUN AUSTRALIA HOLDINGS PTY LTD,236233,30
SUNRAYSIA SOLAR FARM HOLDINGS PTY LTD,371814,30
MOREE HOLDINGS CO PTY LTD,135232,28
PALISADE GRANVILLE HARBOUR INVESTMENTS PTY LTD,366746,28
CBWF HOLDINGS PTY LIMITED,73343,26
MOORABOOL SOUTH WIND FARM (HOLDING) PTY LTD,438890,25
LIGHTHOUSE INFRASTRUCTURE MANAGEMENT LIMITED,134533,24
MOORABOOL WIND FARM (HOLDING) PTY LTD,414478,23
AMP AUSTRALIA HOLDINGS PTY LTD,206516,22
SRV AGWF PTY LTD,85783,22
AMP ENERGY AUSTRALIA 1-1 PTY LTD,36969,20
SEBASTOPOL HOLDINGS CO PTY LTD,196991,18
GOONUMBLA HOLDINGS CO PTY. LTD.,117347,16
SPARK INFRASTRUCTURE HOLDINGS NO. 1 PTY LIMITED,195470,11
THE TRUSTEE FOR GRSF TRUST,95299,7
ADANI RENEWABLE ASSET HOLDINGS PTY LTD,162229,0
DIF INFRA 4 HOLDINGS AUSTRALIA PTY LTD,32482,0
ENEL GREEN POWER AUSTRALIA PTY LTD,506001,0
ESSENTIAL ENERGY,0,0
FINLEY SOLAR HOLDINGS PTY LTD,287056,0
FS OAKEY 2 PTY LTD,108954,0
GENEX POWER LIMITED,223026,0
HUGHENDEN SOLAR FARM HOLDCO PTY LTD,34117,0
HYDRO POWER PTY. LIMITED,83532,0
KARADOC SOLAR FARM HOLDCO PTY LTD,182007,0
KIAMCO FORESIGHT HANWHA BARCALDINE 1 PTY LTD,32655,0
KIAMCO HANWHA FORESIGHT BANNERTON PTY LTD,149100,0
METKA EGN AUSTRALIA HOLDINGS PTY LTD,173382,0
OAKEY 1 NEW HOLDCO PTY LTD,49001,0
PS RENEWABLE ENERGY HOLDINGS PTY LTD,184778,0
QS MAPS HOLDINGS NO. 3 PTY LTD,66082,0
THE TRUSTEE FOR GUNNEDAH ASSET TRUST,180000,0
THE TRUSTEE FOR SUNTOP ASSET TRUST,299000,0
YATPOOL SOLAR FARM HOLDCO PTY LTD,153049,0
