"0","grattan_save_all(filename ='output/atlas/emission_intensity_2030.pptx',
                 object = ggplot2::last_plot())
"
"1","[1m[33mError[39m in `map2()`:[22m
[38;5;239m[36mℹ[38;5;239m In index: 1.[39m
[1mCaused by error in `ggplot2::ggsave()`:[22m
[38;5;239m[33m![38;5;239m Unknown graphics device [34m""pptx""[38;5;239m[39m
Backtrace:
[90m  1. [39m[1mgrattantheme[22m::grattan_save_all(...)
[90m  2. [39mgrattantheme::grattan_save(...)
[90m  3. [39m[1mpurrr[22m::walk2(...)
[90m  4. [39m[1m[94mpurrr::map2([39m[22m.x, .y, .f, ..., .progress = .progress[1m[94m)[39m[22m
[90m  5. [39mpurrr:::map2_(""list"", .x, .y, .f, ..., .progress = .progress)
[90m  9. [39m[1mgrattantheme[22m (local) .f(.x[[i]], .y[[i]], ...)
[90m 10. [39m[1m[94mggplot2::ggsave([39m[22m...[1m[94m)[39m[22m
"
