"0","  grattan_save_pptx(p = ggplot2::last_plot(),
                  filename ='output/atlas/smc_demand_all_generators.pdf')
"
"2","Making fullslide
"
"1","[1m[33mError[39m in `map2()`:[22m
[38;5;239m[36mℹ[38;5;239m In index: 1.[39m
[1mCaused by error in `print.rpptx()`:[22m
[33m![39m output/atlas/smc_demand_all_generators/smc_demand_all_generators_fullslide.pdf should have '.pptx' extension.
Backtrace:
[90m  1. [39m[1mgrattantheme[22m::grattan_save_pptx(p = ggplot2::last_plot(), filename = ""output/atlas/smc_demand_all_generators.pdf"")
[90m  2. [39m[1mpurrr[22m::walk2(...)
[90m  3. [39m[1m[94mpurrr::map2([39m[22m.x, .y, .f, ..., .progress = .progress[1m[94m)[39m[22m
[90m  4. [39mpurrr:::map2_(""list"", .x, .y, .f, ..., .progress = .progress)
[90m  8. [39m[1mgrattantheme[22m (local) .f(.x[[i]], .y[[i]], ...)
[90m  9. [39mgrattantheme:::add_graph_to_pptx(...)
[90m 11. [39m[1mofficer[22m:::print.rpptx(x, filename)
[90m 12. [39m[1mbase[22m::stop(target, "" should have '.pptx' extension."")
"
